-- phpMyAdmin SQL Dump
-- version 3.2.0.1
-- http://www.phpmyadmin.net
--
-- Host: localhost
-- Generation Time: Aug 04, 2012 at 12:38 PM
-- Server version: 5.1.36
-- PHP Version: 5.3.0

SET SQL_MODE="NO_AUTO_VALUE_ON_ZERO";


/*!40101 SET @OLD_CHARACTER_SET_CLIENT=@@CHARACTER_SET_CLIENT */;
/*!40101 SET @OLD_CHARACTER_SET_RESULTS=@@CHARACTER_SET_RESULTS */;
/*!40101 SET @OLD_COLLATION_CONNECTION=@@COLLATION_CONNECTION */;
/*!40101 SET NAMES utf8 */;

--
-- Database: `realaxfinal`
--

-- --------------------------------------------------------

--
-- Table structure for table `admin`
--

CREATE TABLE IF NOT EXISTS `admin` (
  `admin_id` int(25) NOT NULL AUTO_INCREMENT,
  `admin_name` varchar(25) NOT NULL,
  `admin_pass` varchar(25) NOT NULL,
  PRIMARY KEY (`admin_id`)
) ENGINE=InnoDB  DEFAULT CHARSET=latin1 AUTO_INCREMENT=5 ;

--
-- Dumping data for table `admin`
--

INSERT INTO `admin` (`admin_id`, `admin_name`, `admin_pass`) VALUES
(2, 'admin', 'pass'),
(4, 'ad', 'ad');

-- --------------------------------------------------------

--
-- Table structure for table `article`
--

CREATE TABLE IF NOT EXISTS `article` (
  `article_id` int(7) NOT NULL,
  `article_pur_price` float NOT NULL,
  `article_sale_price` int(11) NOT NULL,
  `article_after_solde_price` int(11) NOT NULL,
  `article_supplier_id` int(11) NOT NULL,
  `article_image` text NOT NULL,
  PRIMARY KEY (`article_id`)
) ENGINE=InnoDB DEFAULT CHARSET=latin1;

--
-- Dumping data for table `article`
--

INSERT INTO `article` (`article_id`, `article_pur_price`, `article_sale_price`, `article_after_solde_price`, `article_supplier_id`, `article_image`) VALUES
(1101019, 16500, 39000, 0, 31, ''),
(1101213, 18000, 39000, 0, 33, ''),
(1102014, 16500, 39000, 0, 31, ''),
(1103007, 16500, 39000, 0, 31, ''),
(1103018, 19000, 39000, 0, 31, ''),
(1104077, 30000, 59000, 0, 34, ''),
(1106018, 31000, 59000, 0, 34, ''),
(1106077, 30000, 59000, 0, 34, ''),
(1106211, 19000, 39000, 0, 33, ''),
(1108213, 18000, 39000, 0, 33, ''),
(1109017, 27000, 49000, 0, 34, ''),
(1109077, 30000, 59000, 0, 34, ''),
(1109211, 19000, 39000, 0, 33, ''),
(1109977, 30000, 59000, 0, 34, ''),
(1116102, 18000, 39000, 0, 34, ''),
(1116103, 18000, 39000, 0, 33, ''),
(1203009, 21000, 45000, 0, 34, ''),
(1204207, 22000, 45000, 0, 34, ''),
(1206014, 25500, 53000, 0, 34, ''),
(1206507, 22000, 45000, 0, 34, ''),
(1209507, 22000, 45000, 0, 34, ''),
(1218102, 27000, 53000, 0, 34, ''),
(1224016, 31500, 59000, 0, 34, ''),
(1226020, 34000, 59000, 0, 34, ''),
(1226021, 34000, 59000, 0, 34, ''),
(1226076, 30000, 59000, 0, 33, ''),
(1248105, 28000, 53000, 0, 34, ''),
(1248106, 28000, 53000, 0, 34, ''),
(1249102, 27000, 53000, 0, 34, ''),
(1249104, 28000, 53000, 0, 34, ''),
(1302197, 15000, 30000, 0, 40, ''),
(1303208, 21000, 45000, 0, 34, ''),
(1304208, 22000, 45000, 0, 34, ''),
(1306015, 25500, 53000, 0, 34, ''),
(1306197, 15000, 30000, 0, 40, ''),
(1306208, 22000, 45000, 0, 34, ''),
(1309208, 22000, 45000, 0, 34, ''),
(1316022, 33000, 55000, 0, 34, ''),
(1319002, 27000, 53000, 0, 34, ''),
(1326021, 34000, 59000, 0, 34, ''),
(1326075, 30000, 59000, 0, 33, ''),
(1346075, 30000, 59000, 0, 33, ''),
(1360523, 13500, 25000, 0, 37, ''),
(1360546, 13500, 25000, 0, 37, ''),
(1726023, 31500, 65000, 0, 33, ''),
(2101019, 16500, 39000, 0, 31, ''),
(2101213, 18000, 39000, 0, 33, ''),
(2102014, 16500, 39000, 0, 31, ''),
(2102212, 19000, 39000, 0, 33, ''),
(2103007, 16500, 39000, 0, 31, ''),
(2103018, 19000, 39000, 0, 31, ''),
(2105212, 19000, 39000, 0, 33, ''),
(2106018, 31000, 59000, 0, 34, ''),
(2106211, 19000, 39000, 0, 33, ''),
(2108009, 19000, 39000, 0, 31, ''),
(2108213, 18000, 39000, 0, 33, ''),
(2109017, 27000, 49000, 0, 34, ''),
(2109211, 19000, 39000, 0, 33, ''),
(2111101, 22500, 45000, 0, 33, ''),
(2112101, 22500, 45000, 0, 33, ''),
(2116102, 18000, 39000, 0, 34, ''),
(2116103, 18000, 39000, 0, 33, ''),
(2119103, 18000, 39000, 0, 33, ''),
(2158305, 11250, 25000, 0, 37, ''),
(2159305, 11250, 25000, 0, 37, ''),
(2164306, 11250, 25000, 0, 37, ''),
(2169306, 11250, 25000, 0, 37, ''),
(2204077, 30000, 59000, 0, 34, ''),
(2206014, 25500, 53000, 0, 34, ''),
(2206077, 30000, 59000, 0, 34, ''),
(2209077, 30000, 59000, 0, 34, ''),
(2209977, 30000, 59000, 0, 34, ''),
(2222016, 31500, 59000, 0, 34, ''),
(2224016, 31500, 59000, 0, 34, ''),
(2226020, 34000, 59000, 0, 34, ''),
(2226021, 34000, 59000, 0, 34, ''),
(2226076, 30000, 59000, 0, 34, '0000'),
(2248105, 28000, 53000, 0, 34, ''),
(2248106, 28000, 53000, 0, 34, ''),
(2249102, 27000, 53000, 0, 34, ''),
(2249104, 28000, 53000, 0, 34, ''),
(2249106, 28000, 53000, 0, 34, ''),
(2302197, 16500, 33000, 0, 40, ''),
(2306015, 25500, 53000, 0, 34, ''),
(2306197, 16500, 33000, 0, 40, ''),
(2316022, 33000, 55000, 0, 34, ''),
(2318102, 27000, 53000, 0, 34, ''),
(2319002, 27000, 53000, 0, 34, ''),
(2319102, 27000, 53000, 0, 34, ''),
(2326021, 34000, 59000, 0, 34, ''),
(2326075, 30000, 59000, 0, 33, ''),
(2365100, 13500, 29000, 0, 37, ''),
(2426076, 30000, 59000, 0, 33, ''),
(2626201, 36000, 75000, 0, 33, ''),
(2722077, 36000, 69000, 0, 33, ''),
(2724001, 22500, 49000, 0, 41, ''),
(2726001, 22500, 49000, 0, 41, ''),
(2726019, 35000, 69000, 0, 33, ''),
(2726023, 31500, 65000, 0, 33, ''),
(2726073, 36000, 69000, 0, 33, ''),
(2728001, 22500, 49000, 0, 41, ''),
(3106448, 20000, 39000, 0, 31, ''),
(3116111, 21000, 45000, 0, 42, ''),
(3126446, 22000, 39000, 0, 31, ''),
(3129446, 22000, 39000, 0, 31, ''),
(3144032, 10500, 29000, 0, 37, ''),
(3144035, 10500, 29000, 0, 37, ''),
(3144036, 10500, 29000, 0, 37, ''),
(3144227, 10500, 29000, 0, 37, ''),
(3146032, 10500, 29000, 0, 37, ''),
(3146036, 10500, 29000, 0, 37, ''),
(3146039, 10500, 29000, 0, 37, ''),
(3146227, 10500, 29000, 0, 37, ''),
(3151550, 14500, 29000, 0, 37, ''),
(3151950, 14500, 29000, 0, 37, ''),
(3156145, 7000, 19000, 0, 43, ''),
(3159510, 7000, 19000, 0, 43, ''),
(3162130, 15000, 33000, 0, 37, ''),
(3168130, 15000, 33000, 0, 37, ''),
(3216110, 21000, 45000, 0, 42, '0000'),
(3231281, 15000, 35000, 0, 40, ''),
(3231611, 15000, 35000, 0, 40, ''),
(3232281, 15000, 35000, 0, 40, ''),
(3236281, 15000, 35000, 0, 40, ''),
(3236611, 15000, 35000, 0, 40, ''),
(3236687, 16500, 39000, 0, 40, ''),
(3236689, 16500, 39000, 0, 40, ''),
(3246078, 33000, 75000, 0, 33, ''),
(3622005, 21000, 45000, 0, 38, ''),
(3626005, 21000, 45000, 0, 38, ''),
(4024071, 31500, 65000, 0, 31, ''),
(4026077, 31500, 65000, 0, 31, ''),
(4026078, 31500, 65000, 0, 31, ''),
(4029077, 31500, 65000, 0, 31, ''),
(4101392, 33000, 79000, 0, 35, ''),
(4102449, 20000, 39000, 0, 31, ''),
(4102464, 22500, 49000, 0, 31, ''),
(4102985, 23000, 49000, 0, 32, ''),
(4104207, 30000, 89000, 0, 35, ''),
(4104301, 30000, 89000, 0, 35, ''),
(4104332, 37500, 79000, 0, 35, ''),
(4104388, 37500, 79000, 0, 35, ''),
(4104402, 23000, 49000, 0, 26, '0000'),
(4104451, 19000, 39000, 0, 31, ''),
(4104540, 24000, 49000, 0, 31, ''),
(4104548, 24000, 49000, 0, 31, ''),
(4104564, 33000, 65000, 0, 31, ''),
(4104565, 33000, 65000, 0, 31, ''),
(4104836, 37500, 79000, 0, 35, ''),
(4105550, 23000, 49000, 0, 31, ''),
(4106002, 27500, 59000, 0, 32, ''),
(4106009, 21500, 45000, 0, 32, ''),
(4106010, 21500, 45000, 0, 32, ''),
(4106199, 33000, 69000, 0, 36, ''),
(4106207, 37500, 89000, 0, 35, ''),
(4106251, 37500, 89000, 0, 35, ''),
(4106301, 30000, 89000, 0, 35, ''),
(4106308, 37500, 79000, 0, 35, ''),
(4106332, 37500, 79000, 0, 35, ''),
(4106392, 37500, 79000, 0, 35, ''),
(4106411, 33000, 65000, 0, 33, ''),
(4106440, 22000, 45000, 0, 31, ''),
(4106451, 18000, 39000, 0, 31, ''),
(4106464, 22500, 49000, 0, 31, ''),
(4106564, 22500, 49000, 0, 31, ''),
(4106565, 33000, 65000, 0, 31, ''),
(4106566, 33000, 65000, 0, 31, ''),
(4106967, 23000, 49000, 0, 32, ''),
(4106968, 27000, 59000, 0, 32, ''),
(4106985, 23000, 49000, 0, 32, ''),
(4106993, 27500, 59000, 0, 32, ''),
(4106999, 27500, 59000, 0, 32, ''),
(4108002, 27500, 59000, 0, 32, ''),
(4108392, 33000, 79000, 0, 35, ''),
(4108564, 22500, 49000, 0, 31, ''),
(4108836, 37500, 79000, 0, 35, ''),
(4108968, 27000, 59000, 0, 32, ''),
(4108993, 27500, 59000, 0, 32, ''),
(4109550, 23000, 49000, 0, 31, ''),
(4109564, 22500, 49000, 0, 31, ''),
(4109566, 33000, 65000, 0, 31, ''),
(4109801, 23000, 49000, 0, 32, ''),
(4110307, 37500, 75000, 0, 34, ''),
(4110807, 37500, 75000, 0, 34, ''),
(4111101, 25000, 49000, 0, 33, ''),
(4111807, 37500, 75000, 0, 34, ''),
(4112101, 25000, 49000, 0, 33, ''),
(4112206, 37500, 75000, 0, 34, ''),
(4112806, 37500, 75000, 0, 34, ''),
(4114201, 18000, 39000, 0, 39, ''),
(4114204, 37500, 89000, 0, 35, ''),
(4114245, 48000, 99000, 0, 36, ''),
(4115805, 37500, 75000, 0, 34, ''),
(4116201, 18000, 39000, 0, 39, ''),
(4116202, 37500, 79000, 0, 35, ''),
(4116204, 37500, 89000, 0, 35, ''),
(4116245, 48000, 99000, 0, 36, ''),
(4116479, 48000, 99000, 0, 36, ''),
(4117809, 37500, 75000, 0, 34, ''),
(4118101, 25000, 49000, 0, 33, ''),
(4118201, 21000, 39000, 0, 39, ''),
(4118406, 37500, 75000, 0, 34, ''),
(4119101, 25000, 49000, 0, 33, ''),
(4119809, 37500, 75000, 0, 34, ''),
(4121462, 18000, 39000, 0, 31, ''),
(4122114, 24500, 49000, 0, 37, ''),
(4124114, 25000, 49000, 0, 37, ''),
(4124458, 22000, 45000, 0, 31, ''),
(4126114, 25000, 49000, 0, 37, ''),
(4126117, 25000, 49000, 0, 37, ''),
(4126332, 25000, 49000, 0, 37, ''),
(4126458, 22000, 49000, 0, 31, ''),
(4129332, 25000, 49000, 0, 37, ''),
(4141209, 40500, 69000, 0, 36, ''),
(4142204, 31500, 65000, 0, 35, ''),
(4143204, 31500, 65000, 0, 35, ''),
(4146204, 31500, 65000, 0, 35, ''),
(4146704, 43500, 89000, 0, 36, ''),
(4146923, 40500, 80000, 0, 36, ''),
(4148704, 43500, 89000, 0, 36, ''),
(4149705, 40500, 69000, 0, 36, ''),
(4154201, 33000, 65000, 0, 35, ''),
(4156201, 33000, 65000, 0, 35, ''),
(4158201, 33000, 65000, 0, 35, ''),
(4163534, 25000, 49000, 0, 37, ''),
(4163842, 25000, 49000, 0, 37, ''),
(4164116, 24000, 49000, 0, 37, ''),
(4164772, 25000, 49000, 0, 37, ''),
(4165770, 24000, 49000, 0, 37, ''),
(4165773, 25000, 49000, 0, 37, ''),
(4166121, 24000, 49000, 0, 37, ''),
(4166501, 24000, 49000, 0, 37, ''),
(4166770, 24000, 49000, 0, 37, ''),
(4166772, 25000, 49000, 0, 37, ''),
(4168772, 25000, 49000, 0, 37, ''),
(4168774, 24000, 49000, 0, 37, ''),
(4168842, 25000, 49000, 0, 37, ''),
(4169116, 24000, 49000, 0, 37, ''),
(4169534, 25000, 49000, 0, 37, ''),
(4169774, 24000, 49000, 0, 37, ''),
(4224024, 29000, 59000, 0, 32, ''),
(4406564, 22500, 49000, 0, 31, ''),
(4622005, 25500, 49000, 0, 38, ''),
(4622235, 30000, 59000, 0, 33, ''),
(4624235, 30000, 59000, 0, 33, ''),
(4626005, 25500, 49000, 0, 38, ''),
(4626235, 30000, 59000, 0, 33, ''),
(4626315, 44000, 89000, 0, 33, ''),
(4722309, 45000, 79000, 0, 33, ''),
(4724309, 45000, 79000, 0, 33, ''),
(4724815, 37500, 75000, 0, 35, ''),
(4726119, 97500, 179000, 0, 36, ''),
(4726309, 45000, 79000, 0, 33, ''),
(4726815, 37500, 75000, 0, 35, ''),
(5012300, 15000, 35000, 0, 31, ''),
(5016300, 15000, 35000, 0, 31, ''),
(5102027, 21500, 45000, 0, 32, ''),
(5102031, 22000, 45000, 0, 32, ''),
(5102504, 21500, 45000, 0, 31, ''),
(5102530, 33000, 65000, 0, 31, ''),
(5102542, 24000, 49000, 0, 31, ''),
(5104022, 21500, 45000, 0, 32, ''),
(5104025, 21500, 45000, 0, 32, ''),
(5104026, 21500, 45000, 0, 32, ''),
(5104030, 22000, 45000, 0, 32, ''),
(5104032, 22000, 45000, 0, 32, ''),
(5104036, 22000, 45000, 0, 32, ''),
(5104037, 22000, 45000, 0, 32, ''),
(5104050, 22000, 45000, 0, 32, ''),
(5104528, 30000, 59000, 0, 31, ''),
(5104562, 34500, 69000, 0, 31, ''),
(5104819, 21500, 45000, 0, 32, ''),
(5105031, 22000, 45000, 0, 32, ''),
(5105034, 22000, 45000, 0, 32, ''),
(5106016, 22000, 45000, 0, 32, ''),
(5106020, 21500, 45000, 0, 32, ''),
(5106022, 21500, 45000, 0, 32, ''),
(5106025, 21500, 21500, 0, 32, ''),
(5106026, 21500, 45000, 0, 32, ''),
(5106027, 21500, 45000, 0, 32, ''),
(5106030, 22000, 45000, 0, 32, ''),
(5106033, 22000, 45000, 0, 32, ''),
(5106036, 22000, 45000, 0, 32, ''),
(5106037, 22000, 45000, 0, 32, ''),
(5106051, 22000, 45000, 0, 32, ''),
(5106161, 42000, 95000, 0, 35, ''),
(5106163, 42000, 95000, 0, 35, ''),
(5106166, 42000, 95000, 0, 35, ''),
(5106216, 21500, 45000, 0, 32, ''),
(5106417, 21500, 45000, 0, 32, ''),
(5106465, 22500, 45000, 0, 31, ''),
(5106504, 22000, 45000, 0, 31, ''),
(5106527, 33000, 69000, 0, 31, ''),
(5106528, 30000, 59000, 0, 31, ''),
(5106530, 33000, 65000, 0, 31, ''),
(5106533, 30000, 59000, 0, 31, ''),
(5106542, 24000, 49000, 0, 31, ''),
(5106562, 34500, 69000, 0, 31, ''),
(5106620, 42000, 95000, 0, 35, ''),
(5106629, 42000, 95000, 0, 35, ''),
(5106633, 23000, 49000, 0, 32, ''),
(5106652, 42000, 95000, 0, 35, ''),
(5109029, 22000, 45000, 0, 32, ''),
(5111201, 21000, 45000, 0, 39, ''),
(5111502, 29000, 59000, 0, 31, ''),
(5112092, 22000, 45000, 0, 32, ''),
(5112502, 29000, 59000, 0, 31, ''),
(5114101, 22000, 45000, 0, 31, ''),
(5114201, 21000, 45000, 0, 39, ''),
(5116101, 22000, 45000, 0, 31, ''),
(5116201, 21000, 45000, 0, 39, ''),
(5116206, 19000, 45000, 0, 31, ''),
(5116347, 22000, 45000, 0, 31, ''),
(5116479, 23000, 45000, 0, 31, ''),
(5116502, 29000, 59000, 0, 31, ''),
(5118479, 23000, 45000, 0, 31, ''),
(5118901, 21000, 45000, 0, 39, ''),
(5119101, 22000, 45000, 0, 31, ''),
(5119201, 21000, 45000, 0, 39, ''),
(5119347, 22000, 45000, 0, 31, ''),
(5122429, 27000, 55000, 0, 31, ''),
(5124080, 40500, 85000, 0, 31, ''),
(5124411, 67500, 125000, 0, 36, ''),
(5124455, 27000, 49000, 0, 31, ''),
(5124552, 24000, 49000, 0, 31, ''),
(5126080, 40000, 85000, 0, 31, ''),
(5126411, 67500, 125000, 0, 36, ''),
(5126428, 27000, 55000, 0, 31, ''),
(5126433, 27000, 55000, 0, 31, ''),
(5126455, 24000, 49000, 0, 31, ''),
(5126463, 28000, 55000, 0, 31, ''),
(5126552, 24000, 49000, 0, 31, ''),
(5126560, 34500, 69000, 0, 31, ''),
(5128361, 37500, 69000, 0, 31, ''),
(5129079, 37500, 79000, 0, 31, ''),
(5154287, 45000, 85000, 0, 36, ''),
(5154645, 43500, 85000, 0, 36, ''),
(5156133, 31500, 59000, 0, 36, ''),
(5156255, 37500, 69000, 0, 36, ''),
(5156287, 43500, 85000, 0, 36, ''),
(5156646, 43500, 85000, 0, 36, ''),
(5158255, 37500, 69000, 0, 36, ''),
(5159133, 31500, 59000, 0, 36, ''),
(5159646, 43500, 85000, 0, 36, ''),
(5181498, 21000, 45000, 0, 31, ''),
(5182207, 14000, 35000, 0, 31, ''),
(5182498, 21000, 45000, 0, 31, ''),
(5184096, 21500, 39000, 0, 32, ''),
(5184206, 14000, 35000, 0, 31, ''),
(5184496, 18500, 39000, 0, 31, ''),
(5186095, 21500, 39000, 0, 32, ''),
(5186206, 14000, 35000, 0, 31, ''),
(5186207, 14000, 35000, 0, 31, ''),
(5186496, 18500, 39000, 0, 31, ''),
(5188498, 21000, 45000, 0, 31, ''),
(5226463, 67500, 125000, 0, 36, ''),
(5324969, 67500, 125000, 0, 36, ''),
(5326459, 67500, 125000, 0, 36, ''),
(5514101, 22000, 45000, 0, 31, ''),
(5622074, 54000, 100000, 0, 31, ''),
(5624064, 36000, 69000, 0, 31, ''),
(5624074, 54000, 100000, 0, 31, ''),
(5625083, 39000, 79000, 0, 31, ''),
(5626030, 40500, 89000, 0, 32, ''),
(5626032, 37500, 85000, 0, 32, ''),
(5626033, 34500, 79000, 0, 32, ''),
(5626065, 34500, 69000, 0, 31, ''),
(5626067, 34500, 69000, 0, 31, ''),
(5626070, 18000, 35000, 0, 31, ''),
(5626074, 48000, 100000, 0, 31, ''),
(5626079, 39000, 79000, 0, 31, ''),
(5626082, 39000, 79000, 0, 31, ''),
(5626083, 39000, 79000, 0, 31, ''),
(5626084, 42000, 85000, 0, 31, ''),
(5626087, 37500, 79000, 0, 31, ''),
(5626310, 51000, 100000, 0, 33, ''),
(5628032, 37500, 85000, 0, 32, ''),
(5628065, 34500, 69000, 0, 31, ''),
(5628093, 40500, 85000, 0, 31, ''),
(5629236, 43500, 79000, 0, 33, ''),
(5724008, 33000, 79000, 0, 38, ''),
(5724302, 45000, 90000, 0, 33, ''),
(5726008, 33000, 79000, 0, 38, ''),
(5726302, 45000, 90000, 0, 33, ''),
(6894564, 30000, 90000, 20000, 2, ''),
(7104003, 49500, 119000, 0, 35, ''),
(7104049, 69000, 135000, 0, 30, ''),
(7104104, 31500, 65000, 0, 27, ''),
(7104141, 42000, 95000, 0, 35, ''),
(7104211, 50000, 95000, 0, 26, ''),
(7104219, 52500, 109000, 0, 26, ''),
(7104321, 30000, 65000, 0, 27, ''),
(7104515, 52500, 109000, 0, 35, ''),
(7106012, 49500, 109000, 0, 35, ''),
(7106035, 42000, 95000, 0, 35, ''),
(7106054, 69000, 135000, 0, 30, ''),
(7106079, 61500, 129000, 0, 30, ''),
(7106090, 33000, 65000, 0, 27, ''),
(7106091, 63000, 65000, 0, 27, ''),
(7106095, 49500, 109000, 0, 35, ''),
(7106101, 49500, 109000, 0, 35, ''),
(7106104, 31500, 65000, 0, 27, ''),
(7106141, 42000, 95000, 0, 35, ''),
(7106171, 66000, 129000, 0, 30, ''),
(7106181, 66000, 129000, 0, 30, ''),
(7106211, 50000, 95000, 0, 26, ''),
(7106219, 52500, 109000, 0, 26, ''),
(7106321, 30000, 65000, 0, 27, ''),
(7106349, 31500, 65000, 0, 27, ''),
(7106416, 48000, 119000, 0, 35, ''),
(7106420, 30000, 65000, 0, 27, ''),
(7106515, 52500, 109000, 0, 35, ''),
(7106705, 48000, 119000, 0, 35, ''),
(7109944, 69000, 135000, 0, 30, ''),
(7114028, 51000, 109000, 0, 35, ''),
(7114103, 55000, 109000, 0, 29, ''),
(7114107, 31500, 65000, 0, 27, ''),
(7114128, 48000, 95000, 0, 26, ''),
(7114187, 50000, 95000, 0, 26, ''),
(7114200, 50000, 95000, 0, 26, ''),
(7114213, 57000, 119000, 0, 38, ''),
(7114215, 43500, 105000, 0, 35, ''),
(7114279, 50000, 95000, 0, 26, ''),
(7114600, 50000, 95000, 0, 26, ''),
(7114605, 34000, 75000, 0, 27, ''),
(7116006, 31500, 65000, 0, 27, ''),
(7116015, 51000, 109000, 0, 35, ''),
(7116021, 51000, 109000, 0, 35, ''),
(7116028, 51000, 109000, 0, 35, ''),
(7116102, 31500, 65000, 0, 27, ''),
(7116103, 55000, 109000, 0, 29, ''),
(7116104, 63000, 119000, 0, 29, ''),
(7116105, 31500, 65000, 0, 27, ''),
(7116106, 55000, 109000, 0, 29, ''),
(7116107, 31500, 65000, 0, 27, ''),
(7116108, 31500, 65000, 0, 27, ''),
(7116128, 48000, 95000, 0, 26, ''),
(7116199, 50000, 95000, 0, 26, ''),
(7116200, 50000, 95000, 0, 26, ''),
(7116202, 51000, 119000, 0, 35, ''),
(7116213, 57000, 119000, 0, 38, ''),
(7116266, 50000, 95000, 0, 26, ''),
(7116600, 50000, 95000, 0, 26, ''),
(7116605, 34000, 75000, 0, 27, ''),
(7118213, 52500, 109000, 0, 38, ''),
(7124213, 63000, 139000, 0, 35, ''),
(7124238, 67500, 139000, 0, 35, ''),
(7126213, 63000, 139000, 0, 35, ''),
(7126238, 67500, 139000, 0, 35, ''),
(7126292, 52500, 109000, 0, 35, ''),
(7140954, 49500, 109000, 0, 35, ''),
(7144047, 30000, 59000, 0, 26, ''),
(7144140, 30000, 59000, 0, 28, ''),
(7144213, 43500, 95000, 0, 35, ''),
(7145104, 30000, 59000, 0, 28, ''),
(7146015, 30000, 59000, 0, 26, ''),
(7146102, 30000, 59000, 0, 28, ''),
(7146105, 30000, 59000, 0, 28, ''),
(7146140, 30000, 59000, 0, 28, ''),
(7149102, 30000, 65000, 0, 28, ''),
(7151264, 34500, 69000, 0, 36, ''),
(7154131, 15000, 33000, 0, 37, ''),
(7154201, 31500, 65000, 0, 35, ''),
(7154351, 15000, 33000, 0, 37, ''),
(7154779, 39000, 75000, 0, 36, ''),
(7156131, 15000, 33000, 0, 37, ''),
(7156145, 7500, 19000, 0, 43, ''),
(7156201, 34500, 65000, 0, 35, ''),
(7156264, 34500, 69000, 0, 36, ''),
(7156510, 7500, 19000, 0, 43, ''),
(7156779, 39000, 75000, 0, 36, ''),
(7156984, 37500, 75000, 0, 36, ''),
(7158201, 34500, 65000, 0, 35, ''),
(7158984, 40500, 75000, 0, 36, ''),
(7159351, 15000, 33000, 0, 37, ''),
(7168551, 15000, 33000, 0, 37, ''),
(7169551, 15000, 33000, 0, 37, ''),
(7201683, 45000, 89000, 0, 35, ''),
(7202035, 45000, 89000, 0, 35, ''),
(7202981, 27000, 59000, 0, 35, ''),
(7204002, 49500, 119000, 0, 35, ''),
(7204154, 66000, 129000, 0, 30, ''),
(7204210, 50000, 95000, 0, 26, ''),
(7204220, 52500, 109000, 0, 26, ''),
(7204393, 51000, 109000, 0, 35, ''),
(7204425, 30000, 65000, 0, 27, ''),
(7206001, 45000, 89000, 0, 35, ''),
(7206002, 49500, 119000, 0, 35, ''),
(7206010, 52500, 119000, 0, 35, ''),
(7206011, 54000, 110000, 0, 35, ''),
(7206016, 49500, 119000, 0, 35, ''),
(7206035, 45000, 89000, 0, 35, ''),
(7206102, 49500, 119000, 0, 35, ''),
(7206106, 57000, 135000, 0, 35, ''),
(7206154, 66000, 129000, 0, 30, ''),
(7206210, 50000, 95000, 0, 26, ''),
(7206212, 50000, 95000, 0, 26, ''),
(7206220, 52500, 109000, 0, 26, ''),
(7206241, 52500, 119000, 0, 35, ''),
(7206260, 58000, 135000, 0, 35, ''),
(7206350, 31500, 65000, 0, 27, ''),
(7206390, 49500, 119000, 0, 35, ''),
(7206416, 48000, 119000, 0, 35, ''),
(7206424, 30000, 65000, 0, 27, ''),
(7206425, 30000, 65000, 0, 27, ''),
(7206560, 45000, 99000, 0, 35, ''),
(7206604, 48000, 119000, 0, 35, ''),
(7206868, 44500, 109000, 0, 35, ''),
(7206981, 27000, 59000, 0, 35, ''),
(7214011, 31500, 65000, 0, 27, ''),
(7214013, 50000, 95000, 0, 26, ''),
(7214101, 31500, 65000, 0, 27, ''),
(7214105, 55000, 109000, 0, 29, ''),
(7214109, 31500, 65000, 0, 27, ''),
(7214113, 45000, 100000, 0, 41, ''),
(7214201, 33000, 89000, 0, 39, ''),
(7214202, 37500, 99000, 0, 35, ''),
(7214212, 52500, 109000, 0, 38, ''),
(7214214, 43500, 95000, 0, 35, ''),
(7214267, 49500, 95000, 0, 26, ''),
(7216011, 31500, 65000, 0, 27, ''),
(7216013, 50000, 95000, 0, 26, ''),
(7216101, 31500, 65000, 0, 27, ''),
(7216105, 55000, 109000, 0, 29, ''),
(7216109, 31500, 65000, 0, 27, ''),
(7216113, 45000, 100000, 0, 41, ''),
(7216185, 66000, 129000, 0, 30, ''),
(7216186, 50000, 95000, 0, 26, ''),
(7216187, 66000, 129000, 0, 30, ''),
(7216201, 33000, 89000, 0, 39, ''),
(7216203, 51000, 119000, 0, 35, ''),
(7216212, 52500, 109000, 0, 38, ''),
(7216213, 57000, 119000, 0, 38, ''),
(7216214, 43500, 95000, 0, 35, ''),
(7216238, 45000, 129000, 0, 35, ''),
(7216267, 50000, 95000, 0, 26, ''),
(7216314, 52500, 109000, 0, 35, ''),
(7216603, 45000, 129000, 0, 35, ''),
(7219013, 50000, 95000, 0, 26, ''),
(7222131, 30000, 60000, 0, 35, ''),
(7224131, 30000, 60000, 0, 35, ''),
(7224230, 49500, 99000, 0, 35, ''),
(7226106, 51000, 115000, 0, 35, ''),
(7226118, 60000, 129000, 0, 35, ''),
(7226131, 30000, 60000, 0, 35, ''),
(7226168, 60000, 145000, 0, 35, ''),
(7226207, 63000, 135000, 0, 35, ''),
(7226412, 66000, 135000, 0, 35, ''),
(7226495, 48000, 99000, 0, 35, ''),
(7232212, 27000, 55000, 0, 38, ''),
(7232412, 27000, 55000, 0, 38, ''),
(7232597, 18000, 39000, 0, 40, ''),
(7236189, 37500, 79000, 0, 35, ''),
(7236597, 18000, 39000, 0, 40, '0000'),
(7314202, 33000, 89000, 0, 39, ''),
(7316202, 33000, 89000, 0, 39, ''),
(7319201, 33000, 69000, 0, 39, ''),
(7326496, 48000, 99000, 0, 35, ''),
(7404116, 49500, 109000, 0, 35, ''),
(7406037, 49500, 109000, 0, 35, ''),
(7406116, 49500, 109000, 0, 35, ''),
(7415202, 30000, 59000, 0, 39, ''),
(7419202, 30000, 59000, 0, 39, ''),
(7424168, 60000, 145000, 0, 35, ''),
(7426168, 60000, 145000, 0, 35, ''),
(7624196, 62000, 109000, 0, 26, '0000'),
(7626196, 60000, 109000, 0, 26, ''),
(7724001, 24000, 60000, 0, 41, ''),
(7726001, 24000, 60000, 0, 41, ''),
(7726356, 60000, 129000, 0, 35, ''),
(8451456, 30000, 60000, 45000, 2, '');

-- --------------------------------------------------------

--
-- Table structure for table `emp`
--

CREATE TABLE IF NOT EXISTS `emp` (
  `emp_id` int(20) NOT NULL AUTO_INCREMENT,
  `emp_name` varchar(200) NOT NULL,
  `emp_pass` varchar(200) NOT NULL,
  PRIMARY KEY (`emp_id`)
) ENGINE=InnoDB  DEFAULT CHARSET=latin1 AUTO_INCREMENT=2 ;

--
-- Dumping data for table `emp`
--

INSERT INTO `emp` (`emp_id`, `emp_name`, `emp_pass`) VALUES
(1, 'user', 'pass');

-- --------------------------------------------------------

--
-- Table structure for table `facture`
--

CREATE TABLE IF NOT EXISTS `facture` (
  `fact_id` int(11) NOT NULL AUTO_INCREMENT,
  `fact_date` date NOT NULL,
  PRIMARY KEY (`fact_id`)
) ENGINE=InnoDB  DEFAULT CHARSET=latin1 AUTO_INCREMENT=21 ;

--
-- Dumping data for table `facture`
--

INSERT INTO `facture` (`fact_id`, `fact_date`) VALUES
(1, '2012-03-24'),
(2, '2012-03-25'),
(3, '2012-03-25'),
(4, '2012-03-25'),
(5, '2012-03-25'),
(6, '2012-03-25'),
(7, '2012-03-25'),
(8, '2012-03-25'),
(9, '2012-03-25'),
(10, '2012-03-25'),
(11, '2012-03-25'),
(12, '2012-03-25'),
(13, '2012-03-25'),
(14, '2012-03-25'),
(15, '2012-04-09'),
(16, '2012-04-09'),
(17, '2012-04-09'),
(18, '2012-04-09'),
(19, '2012-04-09'),
(20, '2012-04-09');

-- --------------------------------------------------------

--
-- Table structure for table `inserted_article`
--

CREATE TABLE IF NOT EXISTS `inserted_article` (
  `inserted_id` int(11) NOT NULL AUTO_INCREMENT,
  `inserted_article` int(7) NOT NULL,
  `inserted_date` date NOT NULL,
  `qty1` int(11) NOT NULL,
  `qty2` int(11) NOT NULL,
  `qty3` int(11) NOT NULL,
  `qty4` int(11) NOT NULL,
  `qty5` int(11) NOT NULL,
  `qty6` int(11) NOT NULL,
  `qty7` int(11) NOT NULL,
  `qty8` int(11) NOT NULL,
  `qty9` int(11) NOT NULL,
  `qty10` int(11) NOT NULL,
  `qty11` int(11) NOT NULL,
  `qty12` int(11) NOT NULL,
  `qty13` int(11) NOT NULL,
  PRIMARY KEY (`inserted_id`)
) ENGINE=InnoDB  DEFAULT CHARSET=latin1 AUTO_INCREMENT=332 ;

--
-- Dumping data for table `inserted_article`
--

INSERT INTO `inserted_article` (`inserted_id`, `inserted_article`, `inserted_date`, `qty1`, `qty2`, `qty3`, `qty4`, `qty5`, `qty6`, `qty7`, `qty8`, `qty9`, `qty10`, `qty11`, `qty12`, `qty13`) VALUES
(4, 7114200, '2012-02-07', 0, 1, 2, 0, 0, 0, 1, 0, 1, 1, 0, 0, 0),
(5, 7116200, '2012-02-07', 0, 2, 2, 0, 2, 0, 2, 0, 2, 1, 0, 0, 0),
(10, 7116600, '2012-02-08', 0, 0, 1, 0, 2, 0, 1, 0, 2, 1, 0, 0, 0),
(13, 7214101, '2012-02-08', 0, 1, 1, 0, 2, 0, 0, 0, 1, 0, 0, 0, 0),
(14, 7216101, '2012-02-08', 0, 2, 0, 0, 0, 0, 2, 0, 2, 0, 0, 0, 0),
(17, 7146102, '2012-02-08', 1, 1, 1, 0, 2, 0, 2, 0, 2, 1, 1, 0, 0),
(18, 7149102, '2012-02-08', 0, 0, 2, 0, 2, 0, 2, 0, 1, 1, 1, 0, 0),
(19, 7116102, '2012-02-08', 0, 0, 0, 0, 1, 0, 2, 0, 1, 0, 0, 0, 0),
(20, 7114103, '2012-02-08', 0, 0, 0, 0, 2, 0, 0, 0, 0, 0, 0, 0, 0),
(21, 7116103, '2012-02-08', 0, 0, 0, 0, 1, 0, 2, 0, 1, 1, 1, 0, 0),
(22, 7145104, '2012-02-08', 0, 1, 2, 0, 3, 0, 3, 0, 2, 1, 0, 0, 0),
(23, 7104104, '2012-02-08', 0, 0, 1, 0, 2, 0, 1, 0, 2, 0, 0, 0, 0),
(24, 7106104, '2012-02-09', 0, 0, 1, 0, 2, 0, 0, 0, 2, 1, 0, 0, 0),
(25, 7116104, '2012-02-09', 0, 0, 0, 0, 0, 0, 2, 0, 0, 1, 1, 0, 0),
(26, 7214105, '2012-02-09', 0, 0, 0, 0, 2, 0, 0, 0, 0, 1, 0, 0, 0),
(27, 7116105, '2012-02-09', 2, 0, 0, 0, 3, 0, 0, 0, 2, 1, 0, 0, 0),
(28, 7216105, '2012-02-09', 0, 0, 0, 0, 0, 0, 0, 0, 1, 0, 1, 0, 0),
(29, 7146105, '2012-02-09', 1, 1, 2, 0, 2, 0, 2, 0, 2, 2, 1, 0, 0),
(30, 7114605, '2012-02-09', 0, 1, 1, 0, 2, 0, 1, 0, 1, 0, 0, 0, 0),
(31, 7116605, '2012-02-09', 0, 0, 2, 0, 1, 0, 3, 0, 2, 1, 0, 0, 0),
(32, 7116006, '2012-02-09', 0, 1, 1, 0, 2, 0, 1, 0, 0, 1, 0, 0, 0),
(33, 7116106, '2012-02-09', 0, 0, 1, 0, 0, 0, 0, 0, 1, 1, 0, 0, 0),
(34, 7114107, '2012-02-09', 0, 0, 1, 0, 2, 0, 2, 0, 2, 2, 0, 0, 0),
(35, 7116107, '2012-02-09', 0, 0, 2, 0, 1, 0, 0, 0, 0, 0, 0, 0, 0),
(36, 7116108, '2012-02-09', 0, 0, 1, 0, 1, 0, 0, 0, 0, 1, 0, 0, 0),
(37, 7214109, '2012-02-09', 0, 1, 1, 0, 2, 0, 1, 0, 2, 0, 0, 0, 0),
(38, 7216109, '2012-02-09', 0, 0, 0, 0, 1, 0, 0, 0, 2, 0, 0, 0, 0),
(39, 7204210, '2012-02-09', 0, 0, 1, 0, 0, 0, 0, 0, 1, 1, 0, 0, 0),
(40, 7206210, '2012-02-09', 0, 0, 0, 0, 2, 0, 3, 0, 0, 0, 0, 0, 0),
(41, 7214011, '2012-02-09', 0, 1, 1, 0, 2, 0, 1, 0, 2, 1, 0, 0, 0),
(42, 7216011, '2012-02-09', 0, 0, 1, 0, 2, 0, 1, 0, 1, 0, 0, 0, 0),
(43, 7104211, '2012-02-09', 0, 1, 0, 0, 2, 0, 1, 0, 1, 1, 0, 0, 0),
(44, 7106211, '2012-02-09', 0, 0, 2, 0, 1, 0, 2, 0, 2, 0, 0, 0, 0),
(45, 7206212, '2012-02-09', 0, 0, 0, 0, 2, 0, 1, 0, 2, 1, 0, 0, 0),
(46, 7214013, '2012-02-09', 0, 1, 0, 0, 3, 0, 3, 0, 2, 1, 0, 0, 0),
(47, 7216013, '2012-02-09', 0, 1, 2, 0, 3, 0, 2, 0, 2, 1, 1, 0, 0),
(48, 7219013, '2012-02-09', 0, 1, 1, 0, 0, 0, 1, 0, 1, 1, 0, 0, 0),
(49, 7114600, '2012-02-10', 0, 0, 1, 0, 1, 0, 2, 0, 1, 1, 0, 0, 0),
(50, 7146015, '2012-02-10', 0, 0, 1, 0, 3, 0, 3, 0, 2, 2, 0, 0, 0),
(51, 7104219, '2012-02-10', 0, 1, 2, 0, 2, 0, 2, 0, 0, 1, 0, 0, 0),
(52, 7106219, '2012-02-10', 0, 2, 1, 0, 1, 0, 2, 0, 1, 1, 0, 0, 0),
(53, 7204220, '2012-02-10', 0, 0, 0, 0, 2, 0, 0, 0, 1, 1, 0, 0, 0),
(54, 7206220, '2012-02-10', 0, 1, 0, 0, 0, 0, 0, 0, 1, 1, 0, 0, 0),
(55, 7106420, '2012-02-10', 0, 1, 2, 0, 3, 0, 2, 0, 2, 1, 0, 0, 0),
(56, 7104321, '2012-02-10', 0, 1, 0, 0, 1, 0, 2, 0, 2, 1, 0, 0, 0),
(57, 7106321, '2012-02-10', 0, 1, 1, 0, 0, 0, 1, 0, 1, 0, 0, 0, 0),
(58, 7206424, '2012-02-10', 0, 0, 0, 0, 0, 0, 1, 0, 1, 0, 0, 0, 0),
(59, 7204425, '2012-02-10', 0, 1, 2, 0, 1, 0, 3, 0, 1, 0, 0, 0, 0),
(60, 7206425, '2012-02-10', 0, 0, 1, 0, 1, 0, 0, 0, 2, 1, 0, 0, 0),
(61, 7114128, '2012-02-10', 0, 1, 0, 0, 0, 0, 2, 0, 1, 0, 1, 0, 0),
(62, 7116128, '2012-02-10', 0, 2, 2, 0, 1, 0, 3, 0, 0, 1, 0, 0, 0),
(63, 7144140, '2012-02-10', 1, 0, 2, 0, 2, 0, 2, 0, 2, 2, 1, 0, 0),
(64, 7146140, '2012-02-10', 0, 2, 2, 0, 2, 0, 2, 0, 2, 1, 1, 0, 0),
(65, 7109944, '2012-02-10', 0, 1, 1, 0, 2, 0, 1, 0, 0, 0, 0, 0, 0),
(66, 7144047, '2012-02-10', 0, 0, 1, 0, 1, 0, 2, 0, 2, 1, 0, 0, 0),
(67, 7104049, '2012-02-10', 0, 1, 1, 1, 1, 2, 2, 0, 2, 1, 0, 0, 0),
(68, 7106349, '2012-02-10', 0, 1, 2, 0, 1, 0, 1, 0, 0, 0, 0, 0, 0),
(69, 7206350, '2012-02-10', 0, 1, 1, 0, 3, 0, 1, 0, 2, 0, 0, 0, 0),
(70, 7106054, '2012-02-10', 0, 1, 0, 0, 3, 1, 0, 0, 2, 1, 0, 0, 0),
(71, 7204154, '2012-02-10', 0, 1, 1, 0, 1, 1, 1, 1, 1, 1, 0, 0, 0),
(72, 7206154, '2012-02-10', 0, 2, 1, 0, 2, 0, 3, 1, 2, 1, 1, 0, 0),
(73, 7116266, '2012-02-10', 0, 0, 2, 0, 1, 0, 1, 0, 1, 0, 0, 0, 0),
(74, 7214267, '2012-02-10', 0, 0, 1, 0, 1, 0, 1, 0, 2, 1, 0, 0, 0),
(75, 7216267, '2012-02-10', 0, 1, 0, 0, 0, 0, 0, 0, 2, 0, 0, 0, 0),
(76, 7106171, '2012-02-10', 0, 1, 0, 0, 1, 0, 2, 0, 1, 1, 1, 0, 0),
(77, 7114279, '2012-02-10', 0, 1, 1, 0, 0, 0, 1, 0, 0, 0, 0, 0, 0),
(78, 7106079, '2012-02-10', 0, 0, 1, 0, 0, 0, 0, 0, 1, 1, 0, 0, 0),
(79, 7106181, '2012-02-10', 0, 0, 0, 0, 0, 0, 1, 0, 1, 0, 0, 0, 0),
(80, 7216185, '2012-02-10', 0, 1, 2, 0, 1, 0, 1, 0, 1, 1, 0, 0, 0),
(81, 7216186, '2012-02-10', 0, 1, 2, 0, 1, 0, 2, 0, 2, 1, 0, 0, 0),
(82, 7114187, '2012-02-10', 0, 0, 1, 0, 0, 0, 1, 0, 1, 0, 0, 0, 0),
(83, 7216187, '2012-02-10', 0, 0, 1, 1, 0, 0, 1, 0, 1, 0, 0, 0, 0),
(84, 7106090, '2012-02-10', 0, 0, 0, 0, 1, 0, 0, 0, 2, 1, 0, 0, 0),
(85, 7106091, '2012-02-10', 0, 0, 0, 0, 0, 0, 1, 0, 2, 1, 0, 0, 0),
(86, 7624196, '2012-02-10', 0, 0, 0, 0, 2, 0, 1, 0, 1, 0, 0, 0, 0),
(87, 7626196, '2012-02-10', 0, 1, 1, 0, 3, 0, 1, 0, 2, 1, 0, 0, 0),
(88, 7116199, '2012-02-10', 0, 1, 0, 0, 0, 0, 1, 0, 2, 0, 0, 0, 0),
(89, 5114101, '2012-02-26', 0, 0, 2, 2, 1, 2, 0, 0, 0, 0, 0, 0, 0),
(90, 5116101, '2012-02-26', 0, 0, 1, 0, 1, 2, 1, 0, 0, 0, 0, 0, 0),
(91, 5514101, '2012-02-26', 0, 0, 1, 0, 2, 2, 0, 0, 0, 0, 0, 0, 0),
(92, 5119101, '2012-02-26', 0, 0, 0, 0, 0, 2, 1, 0, 0, 0, 0, 0, 0),
(93, 4109801, '2012-02-26', 0, 1, 2, 2, 2, 1, 1, 0, 0, 0, 0, 0, 0),
(94, 5111502, '2012-02-26', 1, 1, 2, 2, 1, 0, 0, 0, 0, 0, 0, 0, 0),
(98, 5112502, '2012-02-26', 0, 0, 1, 2, 0, 0, 0, 0, 0, 0, 0, 0, 0),
(99, 5116502, '2012-02-26', 0, 0, 2, 2, 1, 1, 0, 0, 0, 0, 0, 0, 0),
(100, 4104402, '2012-02-26', 0, 1, 2, 2, 2, 1, 1, 0, 0, 0, 0, 0, 0),
(101, 4106002, '2012-02-26', 0, 1, 2, 2, 3, 1, 1, 0, 0, 0, 0, 0, 0),
(102, 4108002, '2012-02-26', 0, 1, 2, 2, 1, 1, 1, 0, 0, 0, 0, 0, 0),
(103, 5102504, '2012-02-26', 0, 1, 1, 0, 0, 0, 1, 0, 0, 0, 0, 0, 0),
(104, 5106504, '2012-02-26', 0, 0, 1, 1, 2, 1, 1, 0, 0, 0, 0, 0, 0),
(105, 5116206, '2012-02-26', 0, 0, 1, 1, 1, 1, 1, 0, 0, 0, 0, 0, 0),
(106, 5184206, '2012-02-26', 0, 0, 3, 2, 3, 2, 0, 0, 0, 0, 0, 0, 0),
(107, 5186206, '2012-02-26', 0, 1, 1, 0, 3, 2, 0, 0, 0, 0, 0, 0, 0),
(108, 5182207, '2012-02-26', 0, 0, 2, 3, 2, 2, 0, 0, 0, 0, 0, 0, 0),
(109, 5186207, '2012-02-26', 0, 1, 3, 3, 3, 2, 0, 0, 0, 0, 0, 0, 0),
(110, 4106009, '2012-02-26', 0, 2, 0, 0, 0, 1, 0, 0, 0, 0, 0, 0, 0),
(111, 4106010, '2012-02-26', 0, 2, 0, 2, 0, 0, 0, 0, 0, 0, 0, 0, 0),
(112, 4106411, '2012-02-26', 0, 2, 2, 0, 0, 1, 0, 0, 0, 0, 0, 0, 0),
(113, 4626315, '2012-02-27', 0, 1, 1, 0, 1, 0, 0, 0, 0, 0, 0, 0, 0),
(114, 5106016, '2012-02-27', 0, 2, 0, 2, 3, 0, 1, 0, 0, 0, 0, 0, 0),
(115, 5106216, '2012-02-27', 0, 0, 0, 2, 0, 1, 0, 0, 0, 0, 0, 0, 0),
(116, 5106417, '2012-02-27', 0, 2, 2, 0, 1, 1, 0, 0, 0, 0, 0, 0, 0),
(117, 5104819, '2012-02-27', 0, 1, 2, 1, 2, 0, 1, 0, 0, 0, 0, 0, 0),
(118, 5106020, '2012-02-27', 0, 0, 0, 1, 0, 0, 1, 0, 0, 0, 0, 0, 0),
(119, 5104022, '2012-02-27', 0, 0, 1, 2, 2, 1, 1, 0, 0, 0, 0, 0, 0),
(120, 5106022, '2012-02-27', 0, 0, 0, 1, 0, 1, 0, 0, 0, 0, 0, 0, 0),
(121, 4224024, '2012-02-27', 0, 0, 2, 0, 1, 1, 1, 0, 0, 0, 0, 0, 0),
(122, 5104025, '2012-02-27', 0, 0, 0, 1, 2, 1, 1, 0, 0, 0, 0, 0, 0),
(123, 5106025, '2012-02-27', 0, 0, 0, 0, 0, 0, 1, 0, 0, 0, 0, 0, 0),
(124, 5104026, '2012-02-27', 0, 2, 3, 4, 3, 2, 1, 0, 0, 0, 0, 0, 0),
(125, 5106026, '2012-02-27', 0, 0, 1, 2, 0, 0, 1, 0, 0, 0, 0, 0, 0),
(126, 5102027, '2012-02-27', 0, 0, 1, 1, 1, 1, 0, 0, 0, 0, 0, 0, 0),
(127, 5106027, '2012-02-27', 0, 1, 2, 2, 2, 1, 1, 0, 0, 0, 0, 0, 0),
(128, 5106527, '2012-02-27', 0, 0, 1, 1, 2, 1, 1, 0, 0, 0, 0, 0, 0),
(129, 5104528, '2012-02-28', 1, 2, 2, 3, 2, 1, 0, 0, 0, 0, 0, 0, 0),
(130, 5106528, '2012-02-28', 1, 2, 2, 2, 2, 1, 1, 0, 0, 0, 0, 0, 0),
(131, 5126428, '2012-02-28', 0, 0, 1, 0, 2, 1, 1, 0, 0, 0, 0, 0, 0),
(132, 5122429, '2012-02-28', 0, 0, 1, 2, 0, 1, 1, 1, 0, 0, 0, 0, 0),
(133, 5109029, '2012-02-28', 0, 1, 2, 2, 2, 1, 1, 0, 0, 0, 0, 0, 0),
(134, 5104030, '2012-02-28', 0, 1, 2, 2, 1, 1, 1, 0, 0, 0, 0, 0, 0),
(135, 5106030, '2012-02-28', 0, 1, 2, 2, 1, 1, 1, 0, 0, 0, 0, 0, 0),
(136, 5102530, '2012-02-28', 0, 1, 2, 0, 2, 1, 0, 0, 0, 0, 0, 0, 0),
(137, 5106530, '2012-02-28', 0, 0, 2, 2, 1, 2, 1, 0, 0, 0, 0, 0, 0),
(138, 5102031, '2012-02-28', 1, 0, 2, 0, 2, 0, 0, 0, 0, 0, 0, 0, 0),
(139, 5105031, '2012-02-28', 1, 0, 0, 0, 2, 1, 0, 0, 0, 0, 0, 0, 0),
(140, 5104032, '2012-02-28', 1, 1, 1, 2, 1, 1, 0, 0, 0, 0, 0, 0, 0),
(141, 5106033, '2012-02-28', 0, 1, 0, 1, 0, 0, 1, 0, 0, 0, 0, 0, 0),
(142, 5106633, '2012-02-28', 2, 2, 3, 3, 2, 2, 1, 0, 0, 0, 0, 0, 0),
(144, 5126433, '2012-03-04', 0, 1, 1, 1, 2, 1, 1, 0, 0, 0, 0, 0, 0),
(145, 5106533, '2012-03-04', 1, 1, 1, 2, 2, 2, 0, 0, 0, 0, 0, 0, 0),
(146, 5105034, '2012-03-04', 0, 1, 2, 0, 0, 1, 1, 0, 0, 0, 0, 0, 0),
(147, 5104036, '2012-03-04', 0, 1, 1, 1, 1, 1, 1, 0, 0, 0, 0, 0, 0),
(148, 5106036, '2012-03-04', 0, 0, 2, 0, 0, 2, 0, 0, 0, 0, 0, 0, 0),
(149, 5104037, '2012-03-04', 1, 2, 2, 1, 2, 1, 0, 0, 0, 0, 0, 0, 0),
(150, 5106037, '2012-03-04', 0, 2, 3, 3, 2, 1, 0, 0, 0, 0, 0, 0, 0),
(151, 4104540, '2012-03-04', 0, 1, 2, 1, 2, 1, 1, 0, 0, 0, 0, 0, 0),
(152, 4106440, '2012-03-04', 0, 0, 1, 4, 2, 2, 0, 0, 0, 0, 0, 0, 0),
(153, 5102542, '2012-03-04', 0, 1, 1, 2, 2, 1, 0, 0, 0, 0, 0, 0, 0),
(154, 5106542, '2012-03-04', 0, 1, 1, 0, 2, 2, 0, 0, 0, 0, 0, 0, 0),
(155, 3126446, '2012-03-04', 0, 2, 2, 2, 2, 2, 0, 0, 0, 0, 0, 0, 0),
(156, 3129446, '2012-03-04', 0, 2, 2, 1, 2, 2, 0, 0, 0, 0, 0, 0, 0),
(157, 5116347, '2012-03-04', 0, 0, 0, 0, 0, 2, 1, 0, 0, 0, 0, 0, 0),
(158, 5119347, '2012-03-04', 0, 1, 2, 0, 2, 0, 1, 0, 0, 0, 0, 0, 0),
(159, 4104548, '2012-03-04', 1, 1, 2, 2, 1, 1, 0, 0, 0, 0, 0, 0, 0),
(160, 3106448, '2012-03-04', 0, 2, 2, 0, 1, 2, 0, 0, 0, 0, 0, 0, 0),
(161, 4102449, '2012-03-04', 0, 1, 1, 1, 0, 1, 0, 0, 0, 0, 0, 0, 0),
(162, 4105550, '2012-03-04', 0, 0, 1, 1, 2, 1, 0, 0, 0, 0, 0, 0, 0),
(163, 4109550, '2012-03-04', 0, 1, 2, 2, 2, 1, 0, 0, 0, 0, 0, 0, 0),
(164, 5104050, '2012-03-04', 0, 0, 0, 1, 2, 0, 1, 0, 0, 0, 0, 0, 0),
(165, 5106051, '2012-03-04', 1, 2, 1, 1, 1, 1, 0, 0, 0, 0, 0, 0, 0),
(166, 4104451, '2012-03-04', 0, 2, 2, 3, 1, 2, 0, 0, 0, 0, 0, 0, 0),
(167, 4106451, '2012-03-04', 0, 1, 0, 0, 0, 1, 0, 0, 0, 0, 0, 0, 0),
(168, 5124552, '2012-03-05', 0, 0, 2, 2, 2, 2, 1, 0, 0, 0, 0, 0, 0),
(169, 5126552, '2012-03-05', 0, 1, 2, 2, 2, 2, 1, 0, 0, 0, 0, 0, 0),
(170, 5126455, '2012-03-05', 0, 1, 1, 1, 0, 1, 0, 0, 0, 0, 0, 0, 0),
(171, 5124455, '2012-03-05', 0, 1, 1, 1, 1, 1, 0, 0, 0, 0, 0, 0, 0),
(172, 4124458, '2012-03-05', 0, 2, 2, 2, 2, 1, 0, 0, 0, 0, 0, 0, 0),
(173, 4126458, '2012-03-05', 0, 0, 1, 0, 0, 1, 0, 0, 0, 0, 0, 0, 0),
(174, 5126560, '2012-03-05', 1, 2, 0, 2, 1, 1, 1, 0, 0, 0, 0, 0, 0),
(175, 5128361, '2012-03-05', 0, 1, 1, 0, 1, 1, 1, 1, 0, 0, 0, 0, 0),
(176, 4121462, '2012-03-05', 0, 2, 0, 2, 1, 2, 0, 0, 0, 0, 0, 0, 0),
(177, 5104562, '2012-03-05', 0, 0, 2, 0, 1, 1, 0, 0, 0, 0, 0, 0, 0),
(178, 5106562, '2012-03-05', 1, 1, 1, 2, 2, 1, 0, 0, 0, 0, 0, 0, 0),
(179, 5126463, '2012-03-05', 1, 0, 2, 2, 2, 1, 1, 0, 0, 0, 0, 0, 0),
(180, 4102464, '2012-03-05', 1, 3, 2, 2, 2, 1, 0, 0, 0, 0, 0, 0, 0),
(181, 4106464, '2012-03-05', 1, 2, 2, 1, 1, 1, 0, 0, 0, 0, 0, 0, 0),
(182, 5624064, '2012-03-05', 0, 1, 0, 0, 0, 0, 0, 0, 0, 0, 0, 0, 0),
(183, 4106564, '2012-03-05', 0, 1, 1, 2, 1, 1, 0, 0, 0, 0, 0, 0, 0),
(184, 4406564, '2012-03-05', 0, 2, 2, 1, 2, 1, 0, 0, 0, 0, 0, 0, 0),
(185, 4108564, '2012-03-05', 1, 1, 2, 2, 1, 1, 0, 0, 0, 0, 0, 0, 0),
(186, 4109564, '2012-03-05', 1, 1, 2, 2, 1, 0, 0, 0, 0, 0, 0, 0, 0),
(187, 5106465, '2012-03-05', 0, 0, 2, 1, 1, 2, 0, 0, 0, 0, 0, 0, 0),
(188, 5626065, '2012-03-05', 0, 0, 0, 0, 0, 0, 1, 0, 0, 0, 0, 0, 0),
(189, 5628065, '2012-03-05', 1, 0, 1, 2, 1, 0, 0, 0, 0, 0, 0, 0, 0),
(190, 4104565, '2012-03-05', 0, 2, 2, 2, 2, 2, 0, 0, 0, 0, 0, 0, 0),
(191, 4106565, '2012-03-05', 0, 2, 2, 2, 1, 1, 0, 0, 0, 0, 0, 0, 0),
(192, 4106566, '2012-03-05', 0, 2, 2, 2, 2, 2, 0, 0, 0, 0, 0, 0, 0),
(193, 4109566, '2012-03-05', 0, 2, 2, 2, 2, 2, 0, 0, 0, 0, 0, 0, 0),
(194, 5626067, '2012-03-05', 0, 0, 0, 1, 1, 1, 0, 0, 0, 0, 0, 0, 0),
(195, 4106967, '2012-03-05', 1, 2, 3, 3, 3, 1, 2, 0, 0, 0, 0, 0, 0),
(196, 4106968, '2012-03-05', 0, 1, 2, 2, 2, 1, 1, 0, 0, 0, 0, 0, 0),
(197, 4108968, '2012-03-05', 0, 0, 2, 2, 2, 1, 1, 0, 0, 0, 0, 0, 0),
(198, 5626070, '2012-03-05', 0, 1, 3, 2, 1, 2, 0, 0, 0, 0, 0, 0, 0),
(199, 4024071, '2012-03-05', 0, 2, 2, 1, 2, 2, 0, 0, 0, 0, 0, 0, 0),
(200, 4026077, '2012-03-05', 0, 1, 2, 0, 2, 1, 0, 0, 0, 0, 0, 0, 0),
(201, 4029077, '2012-03-05', 0, 2, 1, 2, 2, 2, 0, 0, 0, 0, 0, 0, 0),
(202, 4112206, '2012-03-05', 0, 1, 0, 0, 1, 1, 1, 0, 0, 0, 0, 0, 0),
(203, 4112806, '2012-03-05', 0, 0, 0, 1, 1, 1, 1, 0, 0, 0, 0, 0, 0),
(204, 4118406, '2012-03-05', 1, 1, 2, 0, 0, 1, 1, 0, 0, 0, 0, 0, 0),
(205, 4111807, '2012-03-05', 0, 0, 0, 1, 0, 0, 1, 0, 0, 0, 0, 0, 0),
(206, 4115805, '2012-03-05', 0, 0, 0, 1, 0, 1, 1, 0, 0, 0, 0, 0, 0),
(207, 4110307, '2012-03-05', 1, 1, 1, 0, 0, 0, 0, 0, 0, 0, 0, 0, 0),
(208, 4110807, '2012-03-05', 1, 0, 1, 1, 1, 1, 1, 0, 0, 0, 0, 0, 0),
(209, 4117809, '2012-03-05', 1, 1, 1, 2, 0, 1, 1, 0, 0, 0, 0, 0, 0),
(210, 4119809, '2012-03-05', 1, 1, 1, 0, 1, 1, 1, 0, 0, 0, 0, 0, 0),
(211, 4026078, '2012-03-05', 0, 1, 1, 2, 1, 2, 0, 0, 0, 0, 0, 0, 0),
(212, 5116479, '2012-03-05', 1, 2, 1, 0, 2, 1, 0, 0, 0, 0, 0, 0, 0),
(213, 5118479, '2012-03-05', 1, 2, 1, 0, 1, 0, 1, 0, 0, 0, 0, 0, 0),
(214, 5626079, '2012-03-05', 1, 1, 2, 2, 2, 1, 0, 0, 0, 0, 0, 0, 0),
(215, 5129079, '2012-03-05', 0, 0, 2, 0, 1, 0, 0, 0, 0, 0, 0, 0, 0),
(216, 7104515, '2012-03-05', 0, 1, 1, 2, 2, 2, 0, 0, 0, 0, 0, 0, 0),
(217, 7106515, '2012-03-05', 0, 1, 1, 2, 2, 2, 1, 0, 0, 0, 0, 0, 0),
(218, 7222131, '2012-03-05', 0, 1, 1, 1, 2, 2, 1, 0, 0, 0, 0, 0, 0),
(219, 7224131, '2012-03-05', 0, 1, 1, 2, 3, 2, 1, 0, 0, 0, 0, 0, 0),
(220, 7226131, '2012-03-05', 0, 0, 1, 3, 3, 1, 2, 0, 0, 0, 0, 0, 0),
(221, 5124080, '2012-03-05', 1, 0, 1, 0, 2, 0, 0, 0, 0, 0, 0, 0, 0),
(222, 5126080, '2012-03-05', 1, 1, 2, 2, 2, 0, 0, 0, 0, 0, 0, 0, 0),
(223, 5626082, '2012-03-05', 1, 2, 2, 1, 2, 1, 0, 0, 0, 0, 0, 0, 0),
(224, 5625083, '2012-03-05', 0, 1, 1, 1, 2, 1, 0, 0, 0, 0, 0, 0, 0),
(225, 5626083, '2012-03-05', 1, 0, 0, 2, 2, 0, 0, 0, 0, 0, 0, 0, 0),
(226, 5626084, '2012-03-05', 1, 2, 1, 1, 1, 1, 0, 0, 0, 0, 0, 0, 0),
(227, 4102985, '2012-03-05', 0, 1, 2, 2, 2, 1, 1, 0, 0, 0, 0, 0, 0),
(228, 4106985, '2012-03-05', 0, 1, 2, 2, 2, 1, 0, 0, 0, 0, 0, 0, 0),
(229, 5626087, '2012-03-05', 1, 0, 1, 2, 1, 1, 1, 1, 0, 0, 0, 0, 0),
(230, 5112092, '2012-03-05', 0, 0, 2, 0, 2, 1, 1, 0, 0, 0, 0, 0, 0),
(231, 5628093, '2012-03-05', 1, 1, 1, 2, 2, 1, 0, 0, 0, 0, 0, 0, 0),
(232, 4106993, '2012-03-05', 0, 1, 2, 2, 2, 1, 1, 0, 0, 0, 0, 0, 0),
(233, 4108993, '2012-03-05', 0, 1, 2, 2, 2, 1, 1, 0, 0, 0, 0, 0, 0),
(234, 5186095, '2012-03-05', 0, 0, 1, 2, 1, 1, 0, 0, 0, 0, 0, 0, 0),
(235, 5184096, '2012-03-05', 0, 1, 0, 2, 1, 0, 0, 0, 0, 0, 0, 0, 0),
(236, 5184496, '2012-03-05', 0, 1, 2, 3, 3, 2, 1, 0, 0, 0, 0, 0, 0),
(237, 5186496, '2012-03-05', 0, 1, 1, 2, 3, 2, 1, 0, 0, 0, 0, 0, 0),
(238, 5181498, '2012-03-05', 0, 0, 2, 3, 3, 2, 1, 0, 0, 0, 0, 0, 0),
(239, 5182498, '2012-03-05', 0, 0, 2, 3, 3, 2, 1, 0, 0, 0, 0, 0, 0),
(240, 5188498, '2012-03-05', 0, 1, 2, 2, 3, 2, 1, 0, 0, 0, 0, 0, 0),
(241, 4106999, '2012-03-05', 0, 1, 1, 2, 2, 1, 1, 0, 0, 0, 0, 0, 0),
(242, 4724815, '2012-03-05', 0, 1, 0, 0, 1, 2, 0, 0, 0, 0, 0, 0, 0),
(243, 4726815, '2012-03-05', 0, 0, 3, 1, 0, 0, 0, 0, 0, 0, 0, 0, 0),
(244, 5629236, '2012-03-09', 0, 1, 2, 2, 0, 0, 0, 0, 0, 0, 0, 0, 0),
(245, 4622235, '2012-03-09', 0, 2, 3, 0, 2, 1, 0, 0, 0, 0, 0, 0, 0),
(246, 4624235, '2012-03-09', 0, 2, 1, 2, 2, 0, 0, 0, 0, 0, 0, 0, 0),
(247, 4626235, '2012-03-09', 0, 0, 3, 1, 1, 3, 0, 0, 0, 0, 0, 0, 0),
(248, 5626310, '2012-03-09', 0, 0, 2, 0, 0, 1, 0, 0, 0, 0, 0, 0, 0),
(249, 4726119, '2012-03-09', 0, 2, 1, 0, 2, 1, 0, 0, 0, 0, 0, 0, 0),
(250, 5626074, '2012-03-09', 0, 0, 0, 0, 0, 1, 1, 0, 0, 0, 0, 0, 0),
(251, 5622074, '2012-03-09', 0, 1, 1, 1, 2, 0, 0, 0, 0, 0, 0, 0, 0),
(252, 5624074, '2012-03-09', 0, 0, 0, 2, 0, 1, 0, 0, 0, 0, 0, 0, 0),
(253, 5724302, '2012-03-09', 0, 0, 2, 1, 1, 0, 0, 0, 0, 0, 0, 0, 0),
(254, 5726302, '2012-03-09', 0, 1, 0, 1, 0, 0, 0, 0, 0, 0, 0, 0, 0),
(255, 5626032, '2012-03-09', 0, 1, 0, 2, 1, 0, 0, 0, 0, 0, 0, 0, 0),
(256, 5628032, '2012-03-09', 0, 1, 1, 2, 2, 1, 0, 0, 0, 0, 0, 0, 0),
(257, 5626033, '2012-03-09', 0, 0, 1, 1, 2, 2, 1, 0, 0, 0, 0, 0, 0),
(258, 1360546, '2012-03-09', 0, 0, 0, 2, 2, 0, 1, 2, 4, 3, 0, 0, 0),
(259, 1360523, '2012-03-09', 0, 0, 0, 1, 0, 0, 0, 0, 1, 1, 0, 0, 0),
(260, 2365100, '2012-03-09', 2, 2, 2, 2, 0, 0, 0, 1, 2, 0, 0, 0, 0),
(261, 4722309, '2012-03-09', 0, 1, 0, 0, 0, 1, 0, 0, 0, 0, 0, 0, 0),
(262, 4724309, '2012-03-09', 0, 1, 0, 0, 1, 1, 0, 0, 0, 0, 0, 0, 0),
(263, 4726309, '2012-03-09', 0, 0, 0, 0, 1, 1, 0, 0, 0, 0, 0, 0, 0),
(264, 5724008, '2012-03-09', 0, 0, 0, 0, 0, 0, 1, 0, 0, 0, 0, 0, 0),
(265, 5726008, '2012-03-09', 0, 0, 0, 0, 0, 0, 1, 0, 0, 0, 0, 0, 0),
(266, 5626030, '2012-03-09', 0, 1, 2, 2, 2, 1, 0, 0, 0, 0, 0, 0, 0),
(267, 5012300, '2012-03-09', 0, 0, 0, 0, 0, 0, 1, 0, 0, 0, 0, 0, 0),
(268, 5016300, '2012-03-09', 0, 4, 1, 0, 0, 2, 5, 0, 0, 0, 0, 0, 0),
(269, 3144227, '2012-03-09', 0, 1, 0, 3, 2, 0, 0, 0, 0, 0, 0, 0, 0),
(270, 3146227, '2012-03-09', 0, 0, 0, 0, 1, 0, 0, 0, 0, 0, 0, 0, 0),
(271, 3144032, '2012-03-09', 1, 2, 3, 3, 2, 0, 0, 0, 0, 0, 0, 0, 0),
(272, 3146032, '2012-03-09', 0, 1, 2, 2, 2, 0, 0, 0, 0, 0, 0, 0, 0),
(273, 3144036, '2012-03-09', 0, 1, 1, 1, 0, 0, 0, 0, 0, 0, 0, 0, 0),
(274, 3144035, '2012-03-09', 0, 2, 2, 3, 2, 1, 0, 0, 0, 0, 0, 0, 0),
(275, 3146036, '2012-03-09', 0, 0, 2, 1, 1, 0, 0, 0, 0, 0, 0, 0, 0),
(276, 3146039, '2012-03-09', 0, 1, 0, 2, 1, 0, 0, 0, 0, 0, 0, 0, 0),
(277, 4116202, '2012-03-09', 0, 2, 0, 0, 0, 0, 0, 0, 0, 0, 0, 0, 0),
(278, 4106308, '2012-03-09', 0, 1, 1, 2, 1, 2, 0, 0, 0, 0, 0, 0, 0),
(279, 4104332, '2012-03-09', 0, 1, 0, 0, 0, 2, 1, 0, 0, 0, 0, 0, 0),
(280, 4106332, '2012-03-09', 0, 1, 0, 0, 0, 2, 0, 0, 0, 0, 0, 0, 0),
(281, 4104836, '2012-03-09', 0, 1, 0, 1, 2, 2, 1, 0, 0, 0, 0, 0, 0),
(282, 4108836, '2012-03-09', 0, 0, 0, 0, 2, 1, 0, 0, 0, 0, 0, 0, 0),
(283, 4104388, '2012-03-09', 0, 1, 0, 0, 2, 2, 1, 0, 0, 0, 0, 0, 0),
(284, 4106392, '2012-03-09', 0, 1, 0, 1, 1, 1, 1, 0, 0, 0, 0, 0, 0),
(285, 4101392, '2012-03-09', 0, 0, 2, 2, 2, 2, 1, 0, 0, 0, 0, 0, 0),
(286, 4108392, '2012-03-09', 0, 1, 2, 2, 1, 0, 1, 0, 0, 0, 0, 0, 0),
(287, 5111201, '2012-03-09', 0, 2, 2, 2, 2, 2, 1, 0, 0, 0, 0, 0, 0),
(288, 5114201, '2012-03-09', 0, 1, 2, 1, 3, 1, 0, 0, 0, 0, 0, 0, 0),
(289, 5116201, '2012-03-09', 0, 2, 2, 3, 1, 2, 0, 0, 0, 0, 0, 0, 0),
(290, 5119201, '2012-03-09', 0, 2, 2, 1, 2, 2, 2, 0, 0, 0, 0, 0, 0),
(291, 5118901, '2012-03-09', 0, 1, 2, 3, 3, 2, 0, 0, 0, 0, 0, 0, 0),
(292, 4116201, '2012-03-09', 0, 0, 2, 2, 4, 1, 1, 0, 0, 0, 0, 0, 0),
(293, 4118201, '2012-03-09', 0, 1, 3, 2, 2, 1, 1, 0, 0, 0, 0, 0, 0),
(294, 4114201, '2012-03-09', 0, 1, 1, 3, 3, 2, 1, 0, 0, 0, 0, 0, 0),
(295, 7236597, '2012-03-09', 0, 1, 2, 3, 2, 2, 2, 0, 0, 0, 0, 0, 0),
(296, 7232597, '2012-03-09', 0, 1, 2, 4, 2, 2, 1, 0, 0, 0, 0, 0, 0),
(297, 4149705, '2012-03-09', 0, 0, 0, 1, 2, 0, 0, 0, 0, 0, 0, 0, 0),
(298, 4146704, '2012-03-09', 0, 0, 1, 3, 2, 2, 0, 0, 0, 0, 0, 0, 0),
(299, 4148704, '2012-03-09', 0, 0, 1, 3, 3, 1, 1, 0, 0, 0, 0, 0, 0),
(300, 4141209, '2012-03-09', 0, 0, 2, 1, 1, 1, 1, 0, 0, 0, 0, 0, 0),
(301, 5124411, '2012-03-09', 1, 1, 1, 0, 1, 1, 0, 0, 0, 0, 0, 0, 0),
(302, 5126411, '2012-03-09', 0, 1, 1, 1, 1, 1, 1, 0, 0, 0, 0, 0, 0),
(303, 4146923, '2012-03-09', 1, 1, 0, 2, 1, 0, 0, 0, 0, 0, 0, 0, 0),
(304, 5156133, '2012-03-09', 0, 0, 0, 0, 2, 1, 1, 0, 0, 0, 0, 0, 0),
(305, 5159133, '2012-03-09', 0, 0, 2, 2, 3, 2, 1, 0, 0, 0, 0, 0, 0),
(306, 4114245, '2012-03-09', 0, 1, 1, 1, 1, 2, 1, 0, 0, 0, 0, 0, 0),
(307, 4116245, '2012-03-09', 0, 1, 1, 1, 0, 1, 0, 0, 0, 0, 0, 0, 0),
(308, 5154645, '2012-03-09', 0, 1, 2, 3, 2, 2, 1, 0, 0, 0, 0, 0, 0),
(309, 5156646, '2012-03-09', 0, 1, 1, 3, 1, 2, 0, 0, 0, 0, 0, 0, 0),
(310, 5159646, '2012-03-09', 0, 1, 3, 3, 3, 2, 0, 0, 0, 0, 0, 0, 0),
(311, 5156255, '2012-03-09', 0, 0, 0, 3, 1, 2, 0, 0, 0, 0, 0, 0, 0),
(312, 5158255, '2012-03-09', 0, 1, 1, 0, 2, 1, 0, 0, 0, 0, 0, 0, 0),
(313, 5326459, '2012-03-09', 0, 2, 0, 0, 0, 0, 0, 0, 0, 0, 0, 0, 0),
(314, 5226463, '2012-03-09', 1, 0, 0, 1, 0, 0, 0, 0, 0, 0, 0, 0, 0),
(315, 7151264, '2012-03-09', 0, 1, 0, 3, 3, 1, 1, 1, 0, 0, 0, 0, 0),
(316, 7156264, '2012-03-09', 0, 0, 0, 0, 2, 2, 1, 2, 0, 0, 0, 0, 0),
(317, 5324969, '2012-03-09', 1, 1, 0, 0, 0, 0, 0, 0, 0, 0, 0, 0, 0),
(318, 7154779, '2012-03-09', 0, 1, 2, 3, 1, 2, 1, 0, 0, 0, 0, 0, 0),
(319, 7156779, '2012-03-09', 0, 0, 2, 3, 3, 2, 1, 0, 0, 0, 0, 0, 0),
(320, 4116479, '2012-03-09', 0, 2, 2, 0, 0, 0, 0, 0, 0, 0, 0, 0, 0),
(321, 7156984, '2012-03-09', 0, 1, 2, 2, 3, 2, 1, 0, 0, 0, 0, 0, 0),
(322, 7158984, '2012-03-09', 0, 0, 1, 2, 3, 2, 3, 1, 0, 0, 0, 0, 0),
(323, 5154287, '2012-03-09', 0, 0, 0, 0, 1, 1, 0, 0, 0, 0, 0, 0, 0),
(324, 5156287, '2012-03-09', 1, 0, 1, 4, 1, 1, 0, 0, 0, 0, 0, 0, 0),
(325, 4106199, '2012-03-09', 0, 0, 1, 0, 1, 0, 0, 0, 0, 0, 0, 0, 0),
(326, 7106035, '2012-03-09', 0, 1, 1, 2, 2, 2, 1, 0, 0, 0, 0, 0, 0),
(327, 7206868, '2012-03-09', 0, 0, 1, 0, 0, 0, 1, 0, 0, 0, 0, 0, 0),
(328, 7206981, '2012-03-09', 0, 0, 1, 0, 1, 0, 0, 0, 0, 0, 0, 0, 0),
(329, 7202981, '2012-03-09', 0, 0, 1, 0, 0, 0, 1, 0, 0, 0, 0, 0, 0),
(330, 7201683, '2012-03-09', 0, 0, 0, 0, 1, 0, 0, 0, 1, 1, 0, 0, 0),
(331, 7236189, '2012-03-09', 0, 1, 1, 0, 2, 0, 2, 0, 1, 1, 0, 0, 0);

-- --------------------------------------------------------

--
-- Table structure for table `supplier`
--

CREATE TABLE IF NOT EXISTS `supplier` (
  `supplier_id` int(11) NOT NULL AUTO_INCREMENT,
  `supplier_name` varchar(500) NOT NULL,
  `supplier_phone` varchar(60) NOT NULL,
  `supplier_mobile` varchar(60) NOT NULL,
  `supplier_address` text NOT NULL,
  `supplier_notes` text NOT NULL,
  PRIMARY KEY (`supplier_id`)
) ENGINE=InnoDB  DEFAULT CHARSET=latin1 AUTO_INCREMENT=44 ;

--
-- Dumping data for table `supplier`
--

INSERT INTO `supplier` (`supplier_id`, `supplier_name`, `supplier_phone`, `supplier_mobile`, `supplier_address`, `supplier_notes`) VALUES
(26, 'Garo Ibrahimian', '01267636', '03553165', 'bourj hammoud', ''),
(27, 'mhamad bazi', '70626164', '03211602', 'beirut', ''),
(28, 'Kassem Horani', '', '03233949', 'Ghobeiry', ''),
(29, 'mhamad assaf', '', '03830539', 'Ouza3i', ''),
(30, 'Mazen El-Maddaam', '07730979', '03388334', 'Saida', ''),
(31, 'TALINA', '', '03836007', 'Rawda Beirut', 'Joseph Chakar'),
(32, 'Sibou Vartanian', '', '03651195', 'bourj hammoud', ''),
(33, 'Nicolas Azar', '01483561', '03671221', 'Sin El-Fil', ''),
(34, 'garabed merkarian', '', '03450396', 'burj hammoud', ''),
(35, 'kaddoura', '01835499', '03379342', 'beirut', ''),
(36, 'Fly Flot', '01450149', '03341440', 'Airport  road', 'Gen.M.Samer Bahsoun'),
(37, 'AXA', '01453428', '71348017', 'Airport Road', 'Fadi Chahine'),
(38, 'Ittihad', '01451900', '03394567', 'Airport Road', 'Hassan sueid'),
(39, 'Crossfire', '01452524', '03199544', 'Ghobeiry', ''),
(40, 'Fadi chayto', '', '', '', ''),
(41, 'Tornado', '01450145', '', 'Airport Road', 'Mhamad sueid'),
(42, 'florina', '', '', 'Hadath St.Tereze', ''),
(43, 'Hsein Karim', '01451961', '03882718', 'Airport Road', '');

-- --------------------------------------------------------

--
-- Table structure for table `vente_article`
--

CREATE TABLE IF NOT EXISTS `vente_article` (
  `vente_id` int(11) NOT NULL AUTO_INCREMENT,
  `vente_article` int(7) NOT NULL,
  `cash` varchar(11) NOT NULL,
  `qty1` int(11) NOT NULL,
  `qty2` int(11) NOT NULL,
  `qty3` int(11) NOT NULL,
  `qty4` int(11) NOT NULL,
  `qty5` int(11) NOT NULL,
  `qty6` int(11) NOT NULL,
  `qty7` int(11) NOT NULL,
  `qty8` int(11) NOT NULL,
  `qty9` int(11) NOT NULL,
  `qty10` int(11) NOT NULL,
  `qty11` int(11) NOT NULL,
  `qty12` int(11) NOT NULL,
  `qty13` int(11) NOT NULL,
  `fact_id` int(11) NOT NULL,
  PRIMARY KEY (`vente_id`)
) ENGINE=InnoDB  DEFAULT CHARSET=latin1 AUTO_INCREMENT=84 ;

--
-- Dumping data for table `vente_article`
--

INSERT INTO `vente_article` (`vente_id`, `vente_article`, `cash`, `qty1`, `qty2`, `qty3`, `qty4`, `qty5`, `qty6`, `qty7`, `qty8`, `qty9`, `qty10`, `qty11`, `qty12`, `qty13`, `fact_id`) VALUES
(51, 1101213, '', 1, 0, 0, 0, 0, 0, 0, 0, 0, 0, 0, 0, 0, 9),
(52, 1101213, '', 0, 1, 0, 0, 0, 0, 0, 0, 0, 0, 0, 0, 0, 0),
(53, 1101213, '', 0, 1, 0, 0, 0, 0, 0, 0, 0, 0, 0, 0, 0, 10),
(54, 1101213, '', 1, 0, 0, 0, 0, 0, 0, 0, 0, 0, 0, 0, 0, 0),
(55, 1101213, '', 0, 1, 0, 0, 0, 0, 0, 0, 0, 0, 0, 0, 0, 0),
(56, 1101213, '', 0, 1, 0, 0, 0, 0, 0, 0, 0, 0, 0, 0, 0, 0),
(57, 1101213, '', 1, 0, 0, 0, 0, 0, 0, 0, 0, 0, 0, 0, 0, 0),
(58, 1101213, '', 1, 0, 0, 0, 0, 0, 0, 0, 0, 0, 0, 0, 0, 14),
(59, 1101213, '', 0, 1, 0, 0, 0, 0, 0, 0, 0, 0, 0, 0, 0, 14),
(60, 1101213, '', 0, 0, 1, 0, 0, 0, 0, 0, 0, 0, 0, 0, 0, 14),
(61, 1101213, '', 0, 0, 0, 1, 0, 0, 0, 0, 0, 0, 0, 0, 0, 14),
(62, 1101213, '', 0, 0, 0, 0, 1, 0, 0, 0, 0, 0, 0, 0, 0, 14),
(63, 1101213, '', 0, 0, 0, 0, 0, 1, 0, 0, 0, 0, 0, 0, 0, 14),
(64, 25000, '1101019', 0, 0, 0, 0, 0, 0, 0, 1, 0, 0, 0, 0, 0, 14),
(65, 25000, '1101019', 1, 0, 0, 0, 0, 0, 0, 0, 0, 0, 0, 0, 0, 14),
(66, 1101019, '39000', 1, 0, 0, 0, 0, 0, 0, 0, 0, 0, 0, 0, 0, 14),
(67, 1101019, '38000', 0, 1, 0, 0, 0, 0, 0, 0, 0, 0, 0, 0, 0, 14),
(68, 1101019, '37000', 0, 0, 1, 0, 0, 0, 0, 0, 0, 0, 0, 0, 0, 14),
(69, 1101019, '36000', 0, 0, 0, 1, 0, 0, 0, 0, 0, 0, 0, 0, 0, 14),
(70, 1101019, '35000', 0, 0, 0, 0, 1, 0, 0, 0, 0, 0, 0, 0, 0, 14),
(71, 1101019, '34000', 0, 0, 0, 0, 0, 1, 0, 0, 0, 0, 0, 0, 0, 14),
(72, 1101213, '34000', 1, 0, 0, 0, 0, 0, 0, 0, 0, 0, 0, 0, 0, 14),
(73, 1101213, '35000', 0, 1, 0, 0, 0, 0, 0, 0, 0, 0, 0, 0, 0, 14),
(74, 1101213, '36000', 0, 0, 1, 0, 0, 0, 0, 0, 0, 0, 0, 0, 0, 14),
(75, 1101213, '37000', 0, 0, 0, 1, 0, 0, 0, 0, 0, 0, 0, 0, 0, 14),
(76, 1101213, '38000', 0, 0, 0, 0, 1, 0, 0, 0, 0, 0, 0, 0, 0, 14),
(77, 1101213, '39000', 0, 0, 0, 0, 0, 1, 0, 0, 0, 0, 0, 0, 0, 14),
(78, 1101019, '34000', 1, 0, 0, 0, 0, 0, 0, 0, 0, 0, 0, 0, 0, 15),
(79, 1101019, '35000', 0, 1, 0, 0, 0, 0, 0, 0, 0, 0, 0, 0, 0, 15),
(80, 1101019, '36000', 0, 0, 1, 0, 0, 0, 0, 0, 0, 0, 0, 0, 0, 15),
(81, 1101019, '37000', 0, 0, 0, 1, 0, 0, 0, 0, 0, 0, 0, 0, 0, 15),
(82, 1101019, '38000', 0, 0, 0, 0, 1, 0, 0, 0, 0, 0, 0, 0, 0, 15),
(83, 1101019, '39000', 0, 0, 0, 0, 0, 1, 0, 0, 0, 0, 0, 0, 0, 15);
